Workbook

Sheet Hoja1
A1: PASO 1 | F1: PASO 2
A2: ESCRIBE EL COLOR DEL CANTO A UTILIZAR | D2: Canto | F2: ESCRIBE EL NOMBRE DE TU PLACA | L2: Placa
A3: 2mm BLANCO | D3: =IF(A3="",0,1) -> 1 | E3: =((SUMIF(G16:G238,D3,C16:C238)*SUMIF(G16:G238,D3,B16:B238))+(SUMIF(H16:H238,D3,D16:D238)*SUMIF(H16:H238,D3,B16:B238))+(SUMIF(I16:I238,D3,C16:C238)*SUMIF(I16:I238,D3,B16:B238))+(SUMIF(J16:J238,D3,D16:D238)*SUMIF(J16:J238,D3,B16:B238)))/1000 -> 36.104 | F3: 9117152 | L3: =IF(F3="",0,1) -> 1
D4: =IF(A4="",0,2) -> 0 | E4: =((SUMIF(G16:G238,D4,C16:C238)*SUMIF(G16:G238,D4,B16:B238))+(SUMIF(H16:H238,D4,D16:D238)*SUMIF(H16:H238,D4,B16:B238))+(SUMIF(I16:I238,D4,C16:C238)*SUMIF(I16:I238,D4,B16:B238))+(SUMIF(J16:J238,D4,D16:D238)*SUMIF(J16:J238,D4,B16:B238)))/1000 -> 0 | L4: =IF(F4="",0,2) -> 0
D5: =IF(A5="",0,3) -> 0 | E5: =((SUMIF(G16:G238,D5,C16:C238)*SUMIF(G16:G238,D5,B16:B238))+(SUMIF(H16:H238,D5,D16:D238)*SUMIF(H16:H238,D5,B16:B238))+(SUMIF(I16:I238,D5,C16:C238)*SUMIF(I16:I238,D5,B16:B238))+(SUMIF(J16:J238,D5,D16:D238)*SUMIF(J16:J238,D5,B16:B238)))/1000 -> 0 | L5: =IF(F5="",0,3) -> 0
D6: =IF(A6="",0,4) -> 0 | E6: =((SUMIF(G16:G238,D6,C16:C238)*SUMIF(G16:G238,D6,B16:B238))+(SUMIF(H16:H238,D6,D16:D238)*SUMIF(H16:H238,D6,B16:B238))+(SUMIF(I16:I238,D6,C16:C238)*SUMIF(I16:I238,D6,B16:B238))+(SUMIF(J16:J238,D6,D16:D238)*SUMIF(J16:J238,D6,B16:B238)))/1000 -> 0 | L6: =IF(F6="",0,4) -> 0
D7: =IF(A7="",0,5) -> 0 | E7: =((SUMIF(G16:G238,D7,C16:C238)*SUMIF(G16:G238,D7,B16:B238))+(SUMIF(H16:H238,D7,D16:D238)*SUMIF(H16:H238,D7,B16:B238))+(SUMIF(I16:I238,D7,C16:C238)*SUMIF(I16:I238,D7,B16:B238))+(SUMIF(J16:J238,D7,D16:D238)*SUMIF(J16:J238,D7,B16:B238)))/1000 -> 0 | L7: =IF(F7="",0,5) -> 0
D8: =IF(A8="",0,6) -> 0 | E8: =((SUMIF(G16:G238,D8,C16:C238)*SUMIF(G16:G238,D8,B16:B238))+(SUMIF(H16:H238,D8,D16:D238)*SUMIF(H16:H238,D8,B16:B238))+(SUMIF(I16:I238,D8,C16:C238)*SUMIF(I16:I238,D8,B16:B238))+(SUMIF(J16:J238,D8,D16:D238)*SUMIF(J16:J238,D8,B16:B238)))/1000 -> 0 | L8: =IF(F8="",0,6) -> 0
D9: =IF(A9="",0,7) -> 0 | E9: =((SUMIF(G16:G238,D9,C16:C238)*SUMIF(G16:G238,D9,B16:B238))+(SUMIF(H16:H238,D9,D16:D238)*SUMIF(H16:H238,D9,B16:B238))+(SUMIF(I16:I238,D9,C16:C238)*SUMIF(I16:I238,D9,B16:B238))+(SUMIF(J16:J238,D9,D16:D238)*SUMIF(J16:J238,D9,B16:B238)))/1000 -> 0 | L9: =IF(F9="",0,7) -> 0
D10: =IF(A10="",0,8) -> 0 | E10: =((SUMIF(G16:G238,D10,C16:C238)*SUMIF(G16:G238,D10,B16:B238))+(SUMIF(H16:H238,D10,D16:D238)*SUMIF(H16:H238,D10,B16:B238))+(SUMIF(I16:I238,D10,C16:C238)*SUMIF(I16:I238,D10,B16:B238))+(SUMIF(J16:J238,D10,D16:D238)*SUMIF(J16:J238,D10,B16:B238)))/1000 -> 0 | L10: =IF(F10="",0,8) -> 0
A11: NO SE PEGARA CANTO A PIEZAS INFERIORES A 70 MM DE ANCHO Y 150 MM DE LARGO Ó 150 MM DE ANCHO Y 70 MM DE LARGO
A12: PASO 3
A13: AHORA REALICEMOS EL DESPIECE DEL PROYECTO
A14: TIPO DE PLACA | B14: CANTIDAD | C14: LARGO | D14: ANCHO | E14: OBSERV.- | F14: VETA | G14: LARGO | H14: LARGO | I14: ANCHO | J14: ANCHO | K14: DESCRIPCIÓN | L14: DESCRIPCIÓN | M14: DESCRIPCIÓN | N14: DESCRIPCIÓN | O14: TOTAL MC
G15: SUPERIOR | H15: INFERIOR | I15: IZQUIERDO | J15: DERECHO | K15: LARGO | L15: LARGO | M15: ANCHO | N15: ANCHO | O15: =SUM(O16:O1016)*1.05 -> 7.6566 | R15: TOTAL M C | S15: DESCRIPCIÓN DEL CANTO
A16: 9117152 | B16: 2 | C16: 1160 | D16: 300 | E16: base | G16: 1 | I16: 1 | J16: 1 | K16: =IF($G$16:$G$1016=$D$3,$A$3,IF($G$16:$G$1016=$D$4,$A$4,IF($G$16:$G$1016=$D$5,$A$5,IF($G$16:$G$1016=$D$6,$A$6,IF($G$16:$G$1016=$D$7,$A$7, IF($G$16:$G$1016=$D$8,$A$8,IF($G$16:$G$1016=$D$9,$A$9,IF($G$16:$G$1016=$D$10,$A$10, IF($G$16:$G$1016=#REF!,#REF!))))))))) -> 2mm BLANCO | L16: =IF($H$16:$H$1016=$D$3,$A$3,IF($H$16:$H$1016=$D$4,$A$4,IF($H$16:$H$1016=$D$5,$A$5,IF($H$16:$H$1016=$D$6,$A$6,IF($H$16:$H$1016=$D$7,$A$7, IF($H$16:$H$1016=$D$8,$A$8,IF($H$16:$H$1016=$D$9,$A$9,IF($H$16:$H$1016=$D$10,$A$10, IF($H$16:$H$1016=#REF!,#REF!))))))))) -> 0 | M16: =IF($I$16:$I$1016=$D$3,$A$3,IF($I$16:$I$1016=$D$4,$A$4,IF($I$16:$I$1016=$D$5,$A$5,IF($I$16:$I$1016=$D$6,$A$6,IF($I$16:$I$1016=$D$7,$A$7, IF($I$16:$I$1016=$D$8,$A$8,IF($I$16:$I$1016=$D$9,$A$9,IF($I$16:$I$1016=$D$10,$A$10, IF($I$16:$I$1016=#REF!,#REF!))))))))) -> 2mm BLANCO | N16: =IF($J$16:$J$1016=$D$3,$A$3,IF($J$16:$J$1016=$D$4,$A$4,IF($J$16:$J$1016=$D$5,$A$5,IF($J$16:$J$1016=$D$6,$A$6,IF($J$16:$J$1016=$D$7,$A$7, IF($J$16:$J$1016=$D$8,$A$8,IF($J$16:$J$1016=$D$9,$A$9,IF($J$16:$J$1016=$D$10,$A$10, IF($J$16:$J$1016=#REF!,#REF!))))))))) -> 2mm BLANCO | O16: =(IF(G16>0,C16,0)+IF(H16>0,C16,0)+IF(I16>0,D16,0)+IF(J16>0,D16,0))*B16/1000 -> 3.52 | Q16: 1 | R16: =((SUMIF(G16:G1016,D3,Hoja3!A1:A1001)+SUMIF(H16:H1016,D3,Hoja3!B1:B1001)+SUMIF(I16:I1016,D3,Hoja3!C1:C1001)+SUMIF(J16:J1016,D3,Hoja3!D1:D1001))/1000)*1.05 -> 7.6566 | S16: =A3 -> 2mm BLANCO
A17: 9117152 | B17: 2 | C17: 320 | D17: 300 | E17: lateral | G17: 1 | K17: =IF($G$16:$G$1016=$D$3,$A$3,IF($G$16:$G$1016=$D$4,$A$4,IF($G$16:$G$1016=$D$5,$A$5,IF($G$16:$G$1016=$D$6,$A$6,IF($G$16:$G$1016=$D$7,$A$7, IF($G$16:$G$1016=$D$8,$A$8,IF($G$16:$G$1016=$D$9,$A$9,IF($G$16:$G$1016=$D$10,$A$10, IF($G$16:$G$1016=#REF!,#REF!))))))))) -> 2mm BLANCO | L17: =IF($H$16:$H$1016=$D$3,$A$3,IF($H$16:$H$1016=$D$4,$A$4,IF($H$16:$H$1016=$D$5,$A$5,IF($H$16:$H$1016=$D$6,$A$6,IF($H$16:$H$1016=$D$7,$A$7, IF($H$16:$H$1016=$D$8,$A$8,IF($H$16:$H$1016=$D$9,$A$9,IF($H$16:$H$1016=$D$10,$A$10, IF($H$16:$H$1016=#REF!,#REF!))))))))) -> 0 | M17: =IF($I$16:$I$1016=$D$3,$A$3,IF($I$16:$I$1016=$D$4,$A$4,IF($I$16:$I$1016=$D$5,$A$5,IF($I$16:$I$1016=$D$6,$A$6,IF($I$16:$I$1016=$D$7,$A$7, IF($I$16:$I$1016=$D$8,$A$8,IF($I$16:$I$1016=$D$9,$A$9,IF($I$16:$I$1016=$D$10,$A$10, IF($I$16:$I$1016=#REF!,#REF!))))))))) -> 0 | N17: =IF($J$16:$J$1016=$D$3,$A$3,IF($J$16:$J$1016=$D$4,$A$4,IF($J$16:$J$1016=$D$5,$A$5,IF($J$16:$J$1016=$D$6,$A$6,IF($J$16:$J$1016=$D$7,$A$7, IF($J$16:$J$1016=$D$8,$A$8,IF($J$16:$J$1016=$D$9,$A$9,IF($J$16:$J$1016=$D$10,$A$10, IF($J$16:$J$1016=#REF!,#REF!))))))))) -> 0 | O17: =(IF(G17>0,C17,0)+IF(H17>0,C17,0)+IF(I17>0,D17,0)+IF(J17>0,D17,0))*B17/1000 -> 0.64 | Q17: 2 | R17: =((SUMIF(G16:G1016,D4,Hoja3!A1:A1001)+SUMIF(H16:H1016,D4,Hoja3!B1:B1001)+SUMIF(I16:I1016,D4,Hoja3!C1:C1001)+SUMIF(J16:J1016,D4,Hoja3!D1:D1001))/1000)*1.05 -> 0 | S17: =A4 -> 0
A18: 9117152 | B18: 2 | C18: 360 | D18: 300 | E18: lateral micro | G18: 1 | K18: =IF($G$16:$G$1016=$D$3,$A$3,IF($G$16:$G$1016=$D$4,$A$4,IF($G$16:$G$1016=$D$5,$A$5,IF($G$16:$G$1016=$D$6,$A$6,IF($G$16:$G$1016=$D$7,$A$7, IF($G$16:$G$1016=$D$8,$A$8,IF($G$16:$G$1016=$D$9,$A$9,IF($G$16:$G$1016=$D$10,$A$10, IF($G$16:$G$1016=#REF!,#REF!))))))))) -> 2mm BLANCO | L18: =IF($H$16:$H$1016=$D$3,$A$3,IF($H$16:$H$1016=$D$4,$A$4,IF($H$16:$H$1016=$D$5,$A$5,IF($H$16:$H$1016=$D$6,$A$6,IF($H$16:$H$1016=$D$7,$A$7, IF($H$16:$H$1016=$D$8,$A$8,IF($H$16:$H$1016=$D$9,$A$9,IF($H$16:$H$1016=$D$10,$A$10, IF($H$16:$H$1016=#REF!,#REF!))))))))) -> 0 | M18: =IF($I$16:$I$1016=$D$3,$A$3,IF($I$16:$I$1016=$D$4,$A$4,IF($I$16:$I$1016=$D$5,$A$5,IF($I$16:$I$1016=$D$6,$A$6,IF($I$16:$I$1016=$D$7,$A$7, IF($I$16:$I$1016=$D$8,$A$8,IF($I$16:$I$1016=$D$9,$A$9,IF($I$16:$I$1016=$D$10,$A$10, IF($I$16:$I$1016=#REF!,#REF!))))))))) -> 0 | N18: =IF($J$16:$J$1016=$D$3,$A$3,IF($J$16:$J$1016=$D$4,$A$4,IF($J$16:$J$1016=$D$5,$A$5,IF($J$16:$J$1016=$D$6,$A$6,IF($J$16:$J$1016=$D$7,$A$7, IF($J$16:$J$1016=$D$8,$A$8,IF($J$16:$J$1016=$D$9,$A$9,IF($J$16:$J$1016=$D$10,$A$10, IF($J$16:$J$1016=#REF!,#REF!))))))))) -> 0 | O18: =(IF(G18>0,C18,0)+IF(H18>0,C18,0)+IF(I18>0,D18,0)+IF(J18>0,D18,0))*B18/1000 -> 0.72 | Q18: 3 | R18: =((SUMIF(G16:G1016,D5,Hoja3!A1:A1001)+SUMIF(H16:H1016,D5,Hoja3!B1:B1001)+SUMIF(I16:I1016,D5,Hoja3!C1:C1001)+SUMIF(J16:J1016,D5,Hoja3!D1:D1001))/1000)*1.05 -> 0 | S18: =A5 -> 0
A19: 9117152 | B19: 1 | C19: 536 | D19: 300 | E19: base sup micro | G19: 1 | I19: 1 | J19: 1 | K19: =IF($G$16:$G$1016=$D$3,$A$3,IF($G$16:$G$1016=$D$4,$A$4,IF($G$16:$G$1016=$D$5,$A$5,IF($G$16:$G$1016=$D$6,$A$6,IF($G$16:$G$1016=$D$7,$A$7, IF($G$16:$G$1016=$D$8,$A$8,IF($G$16:$G$1016=$D$9,$A$9,IF($G$16:$G$1016=$D$10,$A$10, IF($G$16:$G$1016=#REF!,#REF!))))))))) -> 2mm BLANCO | L19: =IF($H$16:$H$1016=$D$3,$A$3,IF($H$16:$H$1016=$D$4,$A$4,IF($H$16:$H$1016=$D$5,$A$5,IF($H$16:$H$1016=$D$6,$A$6,IF($H$16:$H$1016=$D$7,$A$7, IF($H$16:$H$1016=$D$8,$A$8,IF($H$16:$H$1016=$D$9,$A$9,IF($H$16:$H$1016=$D$10,$A$10, IF($H$16:$H$1016=#REF!,#REF!))))))))) -> 0 | M19: =IF($I$16:$I$1016=$D$3,$A$3,IF($I$16:$I$1016=$D$4,$A$4,IF($I$16:$I$1016=$D$5,$A$5,IF($I$16:$I$1016=$D$6,$A$6,IF($I$16:$I$1016=$D$7,$A$7, IF($I$16:$I$1016=$D$8,$A$8,IF($I$16:$I$1016=$D$9,$A$9,IF($I$16:$I$1016=$D$10,$A$10, IF($I$16:$I$1016=#REF!,#REF!))))))))) -> 2mm BLANCO | N19: =IF($J$16:$J$1016=$D$3,$A$3,IF($J$16:$J$1016=$D$4,$A$4,IF($J$16:$J$1016=$D$5,$A$5,IF($J$16:$J$1016=$D$6,$A$6,IF($J$16:$J$1016=$D$7,$A$7, IF($J$16:$J$1016=$D$8,$A$8,IF($J$16:$J$1016=$D$9,$A$9,IF($J$16:$J$1016=$D$10,$A$10, IF($J$16:$J$1016=#REF!,#REF!))))))))) -> 2mm BLANCO | O19: =(IF(G19>0,C19,0)+IF(H19>0,C19,0)+IF(I19>0,D19,0)+IF(J19>0,D19,0))*B19/1000 -> 1.136 | Q19: 4 | R19: =((SUMIF(G16:G1016,D6,Hoja3!A1:A1001)+SUMIF(H16:H1016,D6,Hoja3!B1:B1001)+SUMIF(I16:I1016,D6,Hoja3!C1:C1001)+SUMIF(J16:J1016,D6,Hoja3!D1:D1001))/1000)*1.05 -> 0 | S19: =A6 -> 0
A20: 9117152 | B20: 1 | C20: 536 | D20: 370 | E20: base micro | G20: 1 | I20: 1 | J20: 1 | K20: =IF($G$16:$G$1016=$D$3,$A$3,IF($G$16:$G$1016=$D$4,$A$4,IF($G$16:$G$1016=$D$5,$A$5,IF($G$16:$G$1016=$D$6,$A$6,IF($G$16:$G$1016=$D$7,$A$7, IF($G$16:$G$1016=$D$8,$A$8,IF($G$16:$G$1016=$D$9,$A$9,IF($G$16:$G$1016=$D$10,$A$10, IF($G$16:$G$1016=#REF!,#REF!))))))))) -> 2mm BLANCO | L20: =IF($H$16:$H$1016=$D$3,$A$3,IF($H$16:$H$1016=$D$4,$A$4,IF($H$16:$H$1016=$D$5,$A$5,IF($H$16:$H$1016=$D$6,$A$6,IF($H$16:$H$1016=$D$7,$A$7, IF($H$16:$H$1016=$D$8,$A$8,IF($H$16:$H$1016=$D$9,$A$9,IF($H$16:$H$1016=$D$10,$A$10, IF($H$16:$H$1016=#REF!,#REF!))))))))) -> 0 | M20: =IF($I$16:$I$1016=$D$3,$A$3,IF($I$16:$I$1016=$D$4,$A$4,IF($I$16:$I$1016=$D$5,$A$5,IF($I$16:$I$1016=$D$6,$A$6,IF($I$16:$I$1016=$D$7,$A$7, IF($I$16:$I$1016=$D$8,$A$8,IF($I$16:$I$1016=$D$9,$A$9,IF($I$16:$I$1016=$D$10,$A$10, IF($I$16:$I$1016=#REF!,#REF!))))))))) -> 2mm BLANCO | N20: =IF($J$16:$J$1016=$D$3,$A$3,IF($J$16:$J$1016=$D$4,$A$4,IF($J$16:$J$1016=$D$5,$A$5,IF($J$16:$J$1016=$D$6,$A$6,IF($J$16:$J$1016=$D$7,$A$7, IF($J$16:$J$1016=$D$8,$A$8,IF($J$16:$J$1016=$D$9,$A$9,IF($J$16:$J$1016=$D$10,$A$10, IF($J$16:$J$1016=#REF!,#REF!))))))))) -> 2mm BLANCO | O20: =(IF(G20>0,C20,0)+IF(H20>0,C20,0)+IF(I20>0,D20,0)+IF(J20>0,D20,0))*B20/1000 -> 1.276 | Q20: 5 | R20: =((SUMIF(G16:G1016,D7,Hoja3!A1:A1001)+SUMIF(H16:H1016,D7,Hoja3!B1:B1001)+SUMIF(I16:I1016,D7,Hoja3!C1:C1001)+SUMIF(J16:J1016,D7,Hoja3!D1:D1001))/1000)*1.05 -> 0 | S20: =A7 -> 0
K21: =IF($G$16:$G$1016=$D$3,$A$3,IF($G$16:$G$1016=$D$4,$A$4,IF($G$16:$G$1016=$D$5,$A$5,IF($G$16:$G$1016=$D$6,$A$6,IF($G$16:$G$1016=$D$7,$A$7, IF($G$16:$G$1016=$D$8,$A$8,IF($G$16:$G$1016=$D$9,$A$9,IF($G$16:$G$1016=$D$10,$A$10, IF($G$16:$G$1016=#REF!,#REF!))))))))) -> 0 | L21: =IF($H$16:$H$1016=$D$3,$A$3,IF($H$16:$H$1016=$D$4,$A$4,IF($H$16:$H$1016=$D$5,$A$5,IF($H$16:$H$1016=$D$6,$A$6,IF($H$16:$H$1016=$D$7,$A$7, IF($H$16:$H$1016=$D$8,$A$8,IF($H$16:$H$1016=$D$9,$A$9,IF($H$16:$H$1016=$D$10,$A$10, IF($H$16:$H$1016=#REF!,#REF!))))))))) -> 0 | M21: =IF($I$16:$I$1016=$D$3,$A$3,IF($I$16:$I$1016=$D$4,$A$4,IF($I$16:$I$1016=$D$5,$A$5,IF($I$16:$I$1016=$D$6,$A$6,IF($I$16:$I$1016=$D$7,$A$7, IF($I$16:$I$1016=$D$8,$A$8,IF($I$16:$I$1016=$D$9,$A$9,IF($I$16:$I$1016=$D$10,$A$10, IF($I$16:$I$1016=#REF!,#REF!))))))))) -> 0 | N21: =IF($J$16:$J$1016=$D$3,$A$3,IF($J$16:$J$1016=$D$4,$A$4,IF($J$16:$J$1016=$D$5,$A$5,IF($J$16:$J$1016=$D$6,$A$6,IF($J$16:$J$1016=$D$7,$A$7, IF($J$16:$J$1016=$D$8,$A$8,IF($J$16:$J$1016=$D$9,$A$9,IF($J$16:$J$1016=$D$10,$A$10, IF($J$16:$J$1016=#REF!,#REF!))))))))) -> 0 | O21: =(IF(G21>0,C21,0)+IF(H21>0,C21,0)+IF(I21>0,D21,0)+IF(J21>0,D21,0))*B21/1000 -> 0 | Q21: 6 | R21: =((SUMIF(G16:G1016,D8,Hoja3!A1:A1001)+SUMIF(H16:H1016,D8,Hoja3!B1:B1001)+SUMIF(I16:I1016,D8,Hoja3!C1:C1001)+SUMIF(J16:J1016,D8,Hoja3!D1:D1001))/1000)*1.05 -> 0 | S21: =A8 -> 0
K22: =IF($G$16:$G$1016=$D$3,$A$3,IF($G$16:$G$1016=$D$4,$A$4,IF($G$16:$G$1016=$D$5,$A$5,IF($G$16:$G$1016=$D$6,$A$6,IF($G$16:$G$1016=$D$7,$A$7, IF($G$16:$G$1016=$D$8,$A$8,IF($G$16:$G$1016=$D$9,$A$9,IF($G$16:$G$1016=$D$10,$A$10, IF($G$16:$G$1016=#REF!,#REF!))))))))) -> 0 | L22: =IF($H$16:$H$1016=$D$3,$A$3,IF($H$16:$H$1016=$D$4,$A$4,IF($H$16:$H$1016=$D$5,$A$5,IF($H$16:$H$1016=$D$6,$A$6,IF($H$16:$H$1016=$D$7,$A$7, IF($H$16:$H$1016=$D$8,$A$8,IF($H$16:$H$1016=$D$9,$A$9,IF($H$16:$H$1016=$D$10,$A$10, IF($H$16:$H$1016=#REF!,#REF!))))))))) -> 0 | M22: =IF($I$16:$I$1016=$D$3,$A$3,IF($I$16:$I$1016=$D$4,$A$4,IF($I$16:$I$1016=$D$5,$A$5,IF($I$16:$I$1016=$D$6,$A$6,IF($I$16:$I$1016=$D$7,$A$7, IF($I$16:$I$1016=$D$8,$A$8,IF($I$16:$I$1016=$D$9,$A$9,IF($I$16:$I$1016=$D$10,$A$10, IF($I$16:$I$1016=#REF!,#REF!))))))))) -> 0 | N22: =IF($J$16:$J$1016=$D$3,$A$3,IF($J$16:$J$1016=$D$4,$A$4,IF($J$16:$J$1016=$D$5,$A$5,IF($J$16:$J$1016=$D$6,$A$6,IF($J$16:$J$1016=$D$7,$A$7, IF($J$16:$J$1016=$D$8,$A$8,IF($J$16:$J$1016=$D$9,$A$9,IF($J$16:$J$1016=$D$10,$A$10, IF($J$16:$J$1016=#REF!,#REF!))))))))) -> 0 | O22: =(IF(G22>0,C22,0)+IF(H22>0,C22,0)+IF(I22>0,D22,0)+IF(J22>0,D22,0))*B22/1000 -> 0 | Q22: 7 | R22: =((SUMIF(G16:G1016,D9,Hoja3!A1:A1001)+SUMIF(H16:H1016,D9,Hoja3!B1:B1001)+SUMIF(I16:I1016,D9,Hoja3!C1:C1001)+SUMIF(J16:J1016,D9,Hoja3!D1:D1001))/1000)*1.05 -> 0 | S22: =A9 -> 0
K23: =IF($G$16:$G$1016=$D$3,$A$3,IF($G$16:$G$1016=$D$4,$A$4,IF($G$16:$G$1016=$D$5,$A$5,IF($G$16:$G$1016=$D$6,$A$6,IF($G$16:$G$1016=$D$7,$A$7, IF($G$16:$G$1016=$D$8,$A$8,IF($G$16:$G$1016=$D$9,$A$9,IF($G$16:$G$1016=$D$10,$A$10, IF($G$16:$G$1016=#REF!,#REF!))))))))) -> 0 | L23: =IF($H$16:$H$1016=$D$3,$A$3,IF($H$16:$H$1016=$D$4,$A$4,IF($H$16:$H$1016=$D$5,$A$5,IF($H$16:$H$1016=$D$6,$A$6,IF($H$16:$H$1016=$D$7,$A$7, IF($H$16:$H$1016=$D$8,$A$8,IF($H$16:$H$1016=$D$9,$A$9,IF($H$16:$H$1016=$D$10,$A$10, IF($H$16:$H$1016=#REF!,#REF!))))))))) -> 0 | M23: =IF($I$16:$I$1016=$D$3,$A$3,IF($I$16:$I$1016=$D$4,$A$4,IF($I$16:$I$1016=$D$5,$A$5,IF($I$16:$I$1016=$D$6,$A$6,IF($I$16:$I$1016=$D$7,$A$7, IF($I$16:$I$1016=$D$8,$A$8,IF($I$16:$I$1016=$D$9,$A$9,IF($I$16:$I$1016=$D$10,$A$10, IF($I$16:$I$1016=#REF!,#REF!))))))))) -> 0 | N23: =IF($J$16:$J$1016=$D$3,$A$3,IF($J$16:$J$1016=$D$4,$A$4,IF($J$16:$J$1016=$D$5,$A$5,IF($J$16:$J$1016=$D$6,$A$6,IF($J$16:$J$1016=$D$7,$A$7, IF($J$16:$J$1016=$D$8,$A$8,IF($J$16:$J$1016=$D$9,$A$9,IF($J$16:$J$1016=$D$10,$A$10, IF($J$16:$J$1016=#REF!,#REF!))))))))) -> 0 | O23: =(IF(G23>0,C23,0)+IF(H23>0,C23,0)+IF(I23>0,D23,0)+IF(J23>0,D23,0))*B23/1000 -> 0 | Q23: 8 | R23: =((SUMIF(G16:G1016,D10,Hoja3!A1:A1001)+SUMIF(H16:H1016,D10,Hoja3!B1:B1001)+SUMIF(I16:I1016,D10,Hoja3!C1:C1001)+SUMIF(J16:J1016,D10,Hoja3!D1:D1001))/1000)*1.05 -> 0 | S23: =A10 -> 0
K24: =IF($G$16:$G$1016=$D$3,$A$3,IF($G$16:$G$1016=$D$4,$A$4,IF($G$16:$G$1016=$D$5,$A$5,IF($G$16:$G$1016=$D$6,$A$6,IF($G$16:$G$1016=$D$7,$A$7, IF($G$16:$G$1016=$D$8,$A$8,IF($G$16:$G$1016=$D$9,$A$9,IF($G$16:$G$1016=$D$10,$A$10, IF($G$16:$G$1016=#REF!,#REF!))))))))) -> 0 | L24: =IF($H$16:$H$1016=$D$3,$A$3,IF($H$16:$H$1016=$D$4,$A$4,IF($H$16:$H$1016=$D$5,$A$5,IF($H$16:$H$1016=$D$6,$A$6,IF($H$16:$H$1016=$D$7,$A$7, IF($H$16:$H$1016=$D$8,$A$8,IF($H$16:$H$1016=$D$9,$A$9,IF($H$16:$H$1016=$D$10,$A$10, IF($H$16:$H$1016=#REF!,#REF!))))))))) -> 0 | M24: =IF($I$16:$I$1016=$D$3,$A$3,IF($I$16:$I$1016=$D$4,$A$4,IF($I$16:$I$1016=$D$5,$A$5,IF($I$16:$I$1016=$D$6,$A$6,IF($I$16:$I$1016=$D$7,$A$7, IF($I$16:$I$1016=$D$8,$A$8,IF($I$16:$I$1016=$D$9,$A$9,IF($I$16:$I$1016=$D$10,$A$10, IF($I$16:$I$1016=#REF!,#REF!))))))))) -> 0 | N24: =IF($J$16:$J$1016=$D$3,$A$3,IF($J$16:$J$1016=$D$4,$A$4,IF($J$16:$J$1016=$D$5,$A$5,IF($J$16:$J$1016=$D$6,$A$6,IF($J$16:$J$1016=$D$7,$A$7, IF($J$16:$J$1016=$D$8,$A$8,IF($J$16:$J$1016=$D$9,$A$9,IF($J$16:$J$1016=$D$10,$A$10, IF($J$16:$J$1016=#REF!,#REF!))))))))) -> 0 | O24: =(IF(G24>0,C24,0)+IF(H24>0,C24,0)+IF(I24>0,D24,0)+IF(J24>0,D24,0))*B24/1000 -> 0 | R24: =SUM(R16:R23) -> 7.6566 | S24: Cantidad total de canto en metros lineales + % de descarte
K25: =IF($G$16:$G$1016=$D$3,$A$3,IF($G$16:$G$1016=$D$4,$A$4,IF($G$16:$G$1016=$D$5,$A$5,IF($G$16:$G$1016=$D$6,$A$6,IF($G$16:$G$1016=$D$7,$A$7, IF($G$16:$G$1016=$D$8,$A$8,IF($G$16:$G$1016=$D$9,$A$9,IF($G$16:$G$1016=$D$10,$A$10, IF($G$16:$G$1016=#REF!,#REF!))))))))) -> 0 | L25: =IF($H$16:$H$1016=$D$3,$A$3,IF($H$16:$H$1016=$D$4,$A$4,IF($H$16:$H$1016=$D$5,$A$5,IF($H$16:$H$1016=$D$6,$A$6,IF($H$16:$H$1016=$D$7,$A$7, IF($H$16:$H$1016=$D$8,$A$8,IF($H$16:$H$1016=$D$9,$A$9,IF($H$16:$H$1016=$D$10,$A$10, IF($H$16:$H$1016=#REF!,#REF!))))))))) -> 0 | M25: =IF($I$16:$I$1016=$D$3,$A$3,IF($I$16:$I$1016=$D$4,$A$4,IF($I$16:$I$1016=$D$5,$A$5,IF($I$16:$I$1016=$D$6,$A$6,IF($I$16:$I$1016=$D$7,$A$7, IF($I$16:$I$1016=$D$8,$A$8,IF($I$16:$I$1016=$D$9,$A$9,IF($I$16:$I$1016=$D$10,$A$10, IF($I$16:$I$1016=#REF!,#REF!))))))))) -> 0 | N25: =IF($J$16:$J$1016=$D$3,$A$3,IF($J$16:$J$1016=$D$4,$A$4,IF($J$16:$J$1016=$D$5,$A$5,IF($J$16:$J$1016=$D$6,$A$6,IF($J$16:$J$1016=$D$7,$A$7, IF($J$16:$J$1016=$D$8,$A$8,IF($J$16:$J$1016=$D$9,$A$9,IF($J$16:$J$1016=$D$10,$A$10, IF($J$16:$J$1016=#REF!,#REF!))))))))) -> 0 | O25: =(IF(G25>0,C25,0)+IF(H25>0,C25,0)+IF(I25>0,D25,0)+IF(J25>0,D25,0))*B25/1000 -> 0
K26: =IF($G$16:$G$1016=$D$3,$A$3,IF($G$16:$G$1016=$D$4,$A$4,IF($G$16:$G$1016=$D$5,$A$5,IF($G$16:$G$1016=$D$6,$A$6,IF($G$16:$G$1016=$D$7,$A$7, IF($G$16:$G$1016=$D$8,$A$8,IF($G$16:$G$1016=$D$9,$A$9,IF($G$16:$G$1016=$D$10,$A$10, IF($G$16:$G$1016=#REF!,#REF!))))))))) -> 0 | L26: =IF($H$16:$H$1016=$D$3,$A$3,IF($H$16:$H$1016=$D$4,$A$4,IF($H$16:$H$1016=$D$5,$A$5,IF($H$16:$H$1016=$D$6,$A$6,IF($H$16:$H$1016=$D$7,$A$7, IF($H$16:$H$1016=$D$8,$A$8,IF($H$16:$H$1016=$D$9,$A$9,IF($H$16:$H$1016=$D$10,$A$10, IF($H$16:$H$1016=#REF!,#REF!))))))))) -> 0 | M26: =IF($I$16:$I$1016=$D$3,$A$3,IF($I$16:$I$1016=$D$4,$A$4,IF($I$16:$I$1016=$D$5,$A$5,IF($I$16:$I$1016=$D$6,$A$6,IF($I$16:$I$1016=$D$7,$A$7, IF($I$16:$I$1016=$D$8,$A$8,IF($I$16:$I$1016=$D$9,$A$9,IF($I$16:$I$1016=$D$10,$A$10, IF($I$16:$I$1016=#REF!,#REF!))))))))) -> 0 | N26: =IF($J$16:$J$1016=$D$3,$A$3,IF($J$16:$J$1016=$D$4,$A$4,IF($J$16:$J$1016=$D$5,$A$5,IF($J$16:$J$1016=$D$6,$A$6,IF($J$16:$J$1016=$D$7,$A$7, IF($J$16:$J$1016=$D$8,$A$8,IF($J$16:$J$1016=$D$9,$A$9,IF($J$16:$J$1016=$D$10,$A$10, IF($J$16:$J$1016=#REF!,#REF!))))))))) -> 0 | O26: =(IF(G26>0,C26,0)+IF(H26>0,C26,0)+IF(I26>0,D26,0)+IF(J26>0,D26,0))*B26/1000 -> 0
K27: =IF($G$16:$G$1016=$D$3,$A$3,IF($G$16:$G$1016=$D$4,$A$4,IF($G$16:$G$1016=$D$5,$A$5,IF($G$16:$G$1016=$D$6,$A$6,IF($G$16:$G$1016=$D$7,$A$7, IF($G$16:$G$1016=$D$8,$A$8,IF($G$16:$G$1016=$D$9,$A$9,IF($G$16:$G$1016=$D$10,$A$10, IF($G$16:$G$1016=#REF!,#REF!))))))))) -> 0 | L27: =IF($H$16:$H$1016=$D$3,$A$3,IF($H$16:$H$1016=$D$4,$A$4,IF($H$16:$H$1016=$D$5,$A$5,IF($H$16:$H$1016=$D$6,$A$6,IF($H$16:$H$1016=$D$7,$A$7, IF($H$16:$H$1016=$D$8,$A$8,IF($H$16:$H$1016=$D$9,$A$9,IF($H$16:$H$1016=$D$10,$A$10, IF($H$16:$H$1016=#REF!,#REF!))))))))) -> 0 | M27: =IF($I$16:$I$1016=$D$3,$A$3,IF($I$16:$I$1016=$D$4,$A$4,IF($I$16:$I$1016=$D$5,$A$5,IF($I$16:$I$1016=$D$6,$A$6,IF($I$16:$I$1016=$D$7,$A$7, IF($I$16:$I$1016=$D$8,$A$8,IF($I$16:$I$1016=$D$9,$A$9,IF($I$16:$I$1016=$D$10,$A$10, IF($I$16:$I$1016=#REF!,#REF!))))))))) -> 0 | N27: =IF($J$16:$J$1016=$D$3,$A$3,IF($J$16:$J$1016=$D$4,$A$4,IF($J$16:$J$1016=$D$5,$A$5,IF($J$16:$J$1016=$D$6,$A$6,IF($J$16:$J$1016=$D$7,$A$7, IF($J$16:$J$1016=$D$8,$A$8,IF($J$16:$J$1016=$D$9,$A$9,IF($J$16:$J$1016=$D$10,$A$10, IF($J$16:$J$1016=#REF!,#REF!))))))))) -> 0 | O27: =(IF(G27>0,C27,0)+IF(H27>0,C27,0)+IF(I27>0,D27,0)+IF(J27>0,D27,0))*B27/1000 -> 0
K28: =IF($G$16:$G$1016=$D$3,$A$3,IF($G$16:$G$1016=$D$4,$A$4,IF($G$16:$G$1016=$D$5,$A$5,IF($G$16:$G$1016=$D$6,$A$6,IF($G$16:$G$1016=$D$7,$A$7, IF($G$16:$G$1016=$D$8,$A$8,IF($G$16:$G$1016=$D$9,$A$9,IF($G$16:$G$1016=$D$10,$A$10, IF($G$16:$G$1016=#REF!,#REF!))))))))) -> 0 | L28: =IF($H$16:$H$1016=$D$3,$A$3,IF($H$16:$H$1016=$D$4,$A$4,IF($H$16:$H$1016=$D$5,$A$5,IF($H$16:$H$1016=$D$6,$A$6,IF($H$16:$H$1016=$D$7,$A$7, IF($H$16:$H$1016=$D$8,$A$8,IF($H$16:$H$1016=$D$9,$A$9,IF($H$16:$H$1016=$D$10,$A$10, IF($H$16:$H$1016=#REF!,#REF!))))))))) -> 0 | M28: =IF($I$16:$I$1016=$D$3,$A$3,IF($I$16:$I$1016=$D$4,$A$4,IF($I$16:$I$1016=$D$5,$A$5,IF($I$16:$I$1016=$D$6,$A$6,IF($I$16:$I$1016=$D$7,$A$7, IF($I$16:$I$1016=$D$8,$A$8,IF($I$16:$I$1016=$D$9,$A$9,IF($I$16:$I$1016=$D$10,$A$10, IF($I$16:$I$1016=#REF!,#REF!))))))))) -> 0 | N28: =IF($J$16:$J$1016=$D$3,$A$3,IF($J$16:$J$1016=$D$4,$A$4,IF($J$16:$J$1016=$D$5,$A$5,IF($J$16:$J$1016=$D$6,$A$6,IF($J$16:$J$1016=$D$7,$A$7, IF($J$16:$J$1016=$D$8,$A$8,IF($J$16:$J$1016=$D$9,$A$9,IF($J$16:$J$1016=$D$10,$A$10, IF($J$16:$J$1016=#REF!,#REF!))))))))) -> 0 | O28: =(IF(G28>0,C28,0)+IF(H28>0,C28,0)+IF(I28>0,D28,0)+IF(J28>0,D28,0))*B28/1000 -> 0
K29: =IF($G$16:$G$1016=$D$3,$A$3,IF($G$16:$G$1016=$D$4,$A$4,IF($G$16:$G$1016=$D$5,$A$5,IF($G$16:$G$1016=$D$6,$A$6,IF($G$16:$G$1016=$D$7,$A$7, IF($G$16:$G$1016=$D$8,$A$8,IF($G$16:$G$1016=$D$9,$A$9,IF($G$16:$G$1016=$D$10,$A$10, IF($G$16:$G$1016=#REF!,#REF!))))))))) -> 0 | L29: =IF($H$16:$H$1016=$D$3,$A$3,IF($H$16:$H$1016=$D$4,$A$4,IF($H$16:$H$1016=$D$5,$A$5,IF($H$16:$H$1016=$D$6,$A$6,IF($H$16:$H$1016=$D$7,$A$7, IF($H$16:$H$1016=$D$8,$A$8,IF($H$16:$H$1016=$D$9,$A$9,IF($H$16:$H$1016=$D$10,$A$10, IF($H$16:$H$1016=#REF!,#REF!))))))))) -> 0 | M29: =IF($I$16:$I$1016=$D$3,$A$3,IF($I$16:$I$1016=$D$4,$A$4,IF($I$16:$I$1016=$D$5,$A$5,IF($I$16:$I$1016=$D$6,$A$6,IF($I$16:$I$1016=$D$7,$A$7, IF($I$16:$I$1016=$D$8,$A$8,IF($I$16:$I$1016=$D$9,$A$9,IF($I$16:$I$1016=$D$10,$A$10, IF($I$16:$I$1016=#REF!,#REF!))))))))) -> 0 | N29: =IF($J$16:$J$1016=$D$3,$A$3,IF($J$16:$J$1016=$D$4,$A$4,IF($J$16:$J$1016=$D$5,$A$5,IF($J$16:$J$1016=$D$6,$A$6,IF($J$16:$J$1016=$D$7,$A$7, IF($J$16:$J$1016=$D$8,$A$8,IF($J$16:$J$1016=$D$9,$A$9,IF($J$16:$J$1016=$D$10,$A$10, IF($J$16:$J$1016=#REF!,#REF!))))))))) -> 0 | O29: =(IF(G29>0,C29,0)+IF(H29>0,C29,0)+IF(I29>0,D29,0)+IF(J29>0,D29,0))*B29/1000 -> 0
K30: =IF($G$16:$G$1016=$D$3,$A$3,IF($G$16:$G$1016=$D$4,$A$4,IF($G$16:$G$1016=$D$5,$A$5,IF($G$16:$G$1016=$D$6,$A$6,IF($G$16:$G$1016=$D$7,$A$7, IF($G$16:$G$1016=$D$8,$A$8,IF($G$16:$G$1016=$D$9,$A$9,IF($G$16:$G$1016=$D$10,$A$10, IF($G$16:$G$1016=#REF!,#REF!))))))))) -> 0 | L30: =IF($H$16:$H$1016=$D$3,$A$3,IF($H$16:$H$1016=$D$4,$A$4,IF($H$16:$H$1016=$D$5,$A$5,IF($H$16:$H$1016=$D$6,$A$6,IF($H$16:$H$1016=$D$7,$A$7, IF($H$16:$H$1016=$D$8,$A$8,IF($H$16:$H$1016=$D$9,$A$9,IF($H$16:$H$1016=$D$10,$A$10, IF($H$16:$H$1016=#REF!,#REF!))))))))) -> 0 | M30: =IF($I$16:$I$1016=$D$3,$A$3,IF($I$16:$I$1016=$D$4,$A$4,IF($I$16:$I$1016=$D$5,$A$5,IF($I$16:$I$1016=$D$6,$A$6,IF($I$16:$I$1016=$D$7,$A$7, IF($I$16:$I$1016=$D$8,$A$8,IF($I$16:$I$1016=$D$9,$A$9,IF($I$16:$I$1016=$D$10,$A$10, IF($I$16:$I$1016=#REF!,#REF!))))))))) -> 0 | N30: =IF($J$16:$J$1016=$D$3,$A$3,IF($J$16:$J$1016=$D$4,$A$4,IF($J$16:$J$1016=$D$5,$A$5,IF($J$16:$J$1016=$D$6,$A$6,IF($J$16:$J$1016=$D$7,$A$7, IF($J$16:$J$1016=$D$8,$A$8,IF($J$16:$J$1016=$D$9,$A$9,IF($J$16:$J$1016=$D$10,$A$10, IF($J$16:$J$1016=#REF!,#REF!))))))))) -> 0 | O30: =(IF(G30>0,C30,0)+IF(H30>0,C30,0)+IF(I30>0,D30,0)+IF(J30>0,D30,0))*B30/1000 -> 0
K31: =IF($G$16:$G$1016=$D$3,$A$3,IF($G$16:$G$1016=$D$4,$A$4,IF($G$16:$G$1016=$D$5,$A$5,IF($G$16:$G$1016=$D$6,$A$6,IF($G$16:$G$1016=$D$7,$A$7, IF($G$16:$G$1016=$D$8,$A$8,IF($G$16:$G$1016=$D$9,$A$9,IF($G$16:$G$1016=$D$10,$A$10, IF($G$16:$G$1016=#REF!,#REF!))))))))) -> 0 | L31: =IF($H$16:$H$1016=$D$3,$A$3,IF($H$16:$H$1016=$D$4,$A$4,IF($H$16:$H$1016=$D$5,$A$5,IF($H$16:$H$1016=$D$6,$A$6,IF($H$16:$H$1016=$D$7,$A$7, IF($H$16:$H$1016=$D$8,$A$8,IF($H$16:$H$1016=$D$9,$A$9,IF($H$16:$H$1016=$D$10,$A$10, IF($H$16:$H$1016=#REF!,#REF!))))))))) -> 0 | M31: =IF($I$16:$I$1016=$D$3,$A$3,IF($I$16:$I$1016=$D$4,$A$4,IF($I$16:$I$1016=$D$5,$A$5,IF($I$16:$I$1016=$D$6,$A$6,IF($I$16:$I$1016=$D$7,$A$7, IF($I$16:$I$1016=$D$8,$A$8,IF($I$16:$I$1016=$D$9,$A$9,IF($I$16:$I$1016=$D$10,$A$10, IF($I$16:$I$1016=#REF!,#REF!))))))))) -> 0 | N31: =IF($J$16:$J$1016=$D$3,$A$3,IF($J$16:$J$1016=$D$4,$A$4,IF($J$16:$J$1016=$D$5,$A$5,IF($J$16:$J$1016=$D$6,$A$6,IF($J$16:$J$1016=$D$7,$A$7, IF($J$16:$J$1016=$D$8,$A$8,IF($J$16:$J$1016=$D$9,$A$9,IF($J$16:$J$1016=$D$10,$A$10, IF($J$16:$J$1016=#REF!,#REF!))))))))) -> 0 | O31: =(IF(G31>0,C31,0)+IF(H31>0,C31,0)+IF(I31>0,D31,0)+IF(J31>0,D31,0))*B31/1000 -> 0
K32: =IF($G$16:$G$1016=$D$3,$A$3,IF($G$16:$G$1016=$D$4,$A$4,IF($G$16:$G$1016=$D$5,$A$5,IF($G$16:$G$1016=$D$6,$A$6,IF($G$16:$G$1016=$D$7,$A$7, IF($G$16:$G$1016=$D$8,$A$8,IF($G$16:$G$1016=$D$9,$A$9,IF($G$16:$G$1016=$D$10,$A$10, IF($G$16:$G$1016=#REF!,#REF!))))))))) -> 0 | L32: =IF($H$16:$H$1016=$D$3,$A$3,IF($H$16:$H$1016=$D$4,$A$4,IF($H$16:$H$1016=$D$5,$A$5,IF($H$16:$H$1016=$D$6,$A$6,IF($H$16:$H$1016=$D$7,$A$7, IF($H$16:$H$1016=$D$8,$A$8,IF($H$16:$H$1016=$D$9,$A$9,IF($H$16:$H$1016=$D$10,$A$10, IF($H$16:$H$1016=#REF!,#REF!))))))))) -> 0 | M32: =IF($I$16:$I$1016=$D$3,$A$3,IF($I$16:$I$1016=$D$4,$A$4,IF($I$16:$I$1016=$D$5,$A$5,IF($I$16:$I$1016=$D$6,$A$6,IF($I$16:$I$1016=$D$7,$A$7, IF($I$16:$I$1016=$D$8,$A$8,IF($I$16:$I$1016=$D$9,$A$9,IF($I$16:$I$1016=$D$10,$A$10, IF($I$16:$I$1016=#REF!,#REF!))))))))) -> 0 | N32: =IF($J$16:$J$1016=$D$3,$A$3,IF($J$16:$J$1016=$D$4,$A$4,IF($J$16:$J$1016=$D$5,$A$5,IF($J$16:$J$1016=$D$6,$A$6,IF($J$16:$J$1016=$D$7,$A$7, IF($J$16:$J$1016=$D$8,$A$8,IF($J$16:$J$1016=$D$9,$A$9,IF($J$16:$J$1016=$D$10,$A$10, IF($J$16:$J$1016=#REF!,#REF!))))))))) -> 0 | O32: =(IF(G32>0,C32,0)+IF(H32>0,C32,0)+IF(I32>0,D32,0)+IF(J32>0,D32,0))*B32/1000 -> 0
K33: =IF($G$16:$G$1016=$D$3,$A$3,IF($G$16:$G$1016=$D$4,$A$4,IF($G$16:$G$1016=$D$5,$A$5,IF($G$16:$G$1016=$D$6,$A$6,IF($G$16:$G$1016=$D$7,$A$7, IF($G$16:$G$1016=$D$8,$A$8,IF($G$16:$G$1016=$D$9,$A$9,IF($G$16:$G$1016=$D$10,$A$10, IF($G$16:$G$1016=#REF!,#REF!))))))))) -> 0 | L33: =IF($H$16:$H$1016=$D$3,$A$3,IF($H$16:$H$1016=$D$4,$A$4,IF($H$16:$H$1016=$D$5,$A$5,IF($H$16:$H$1016=$D$6,$A$6,IF($H$16:$H$1016=$D$7,$A$7, IF($H$16:$H$1016=$D$8,$A$8,IF($H$16:$H$1016=$D$9,$A$9,IF($H$16:$H$1016=$D$10,$A$10, IF($H$16:$H$1016=#REF!,#REF!))))))))) -> 0 | M33: =IF($I$16:$I$1016=$D$3,$A$3,IF($I$16:$I$1016=$D$4,$A$4,IF($I$16:$I$1016=$D$5,$A$5,IF($I$16:$I$1016=$D$6,$A$6,IF($I$16:$I$1016=$D$7,$A$7, IF($I$16:$I$1016=$D$8,$A$8,IF($I$16:$I$1016=$D$9,$A$9,IF($I$16:$I$1016=$D$10,$A$10, IF($I$16:$I$1016=#REF!,#REF!))))))))) -> 0 | N33: =IF($J$16:$J$1016=$D$3,$A$3,IF($J$16:$J$1016=$D$4,$A$4,IF($J$16:$J$1016=$D$5,$A$5,IF($J$16:$J$1016=$D$6,$A$6,IF($J$16:$J$1016=$D$7,$A$7, IF($J$16:$J$1016=$D$8,$A$8,IF($J$16:$J$1016=$D$9,$A$9,IF($J$16:$J$1016=$D$10,$A$10, IF($J$16:$J$1016=#REF!,#REF!))))))))) -> 0 | O33: =(IF(G33>0,C33,0)+IF(H33>0,C33,0)+IF(I33>0,D33,0)+IF(J33>0,D33,0))*B33/1000 -> 0
K34: =IF($G$16:$G$1016=$D$3,$A$3,IF($G$16:$G$1016=$D$4,$A$4,IF($G$16:$G$1016=$D$5,$A$5,IF($G$16:$G$1016=$D$6,$A$6,IF($G$16:$G$1016=$D$7,$A$7, IF($G$16:$G$1016=$D$8,$A$8,IF($G$16:$G$1016=$D$9,$A$9,IF($G$16:$G$1016=$D$10,$A$10, IF($G$16:$G$1016=#REF!,#REF!))))))))) -> 0 | L34: =IF($H$16:$H$1016=$D$3,$A$3,IF($H$16:$H$1016=$D$4,$A$4,IF($H$16:$H$1016=$D$5,$A$5,IF($H$16:$H$1016=$D$6,$A$6,IF($H$16:$H$1016=$D$7,$A$7, IF($H$16:$H$1016=$D$8,$A$8,IF($H$16:$H$1016=$D$9,$A$9,IF($H$16:$H$1016=$D$10,$A$10, IF($H$16:$H$1016=#REF!,#REF!))))))))) -> 0 | M34: =IF($I$16:$I$1016=$D$3,$A$3,IF($I$16:$I$1016=$D$4,$A$4,IF($I$16:$I$1016=$D$5,$A$5,IF($I$16:$I$1016=$D$6,$A$6,IF($I$16:$I$1016=$D$7,$A$7, IF($I$16:$I$1016=$D$8,$A$8,IF($I$16:$I$1016=$D$9,$A$9,IF($I$16:$I$1016=$D$10,$A$10, IF($I$16:$I$1016=#REF!,#REF!))))))))) -> 0 | N34: =IF($J$16:$J$1016=$D$3,$A$3,IF($J$16:$J$1016=$D$4,$A$4,IF($J$16:$J$1016=$D$5,$A$5,IF($J$16:$J$1016=$D$6,$A$6,IF($J$16:$J$1016=$D$7,$A$7, IF($J$16:$J$1016=$D$8,$A$8,IF($J$16:$J$1016=$D$9,$A$9,IF($J$16:$J$1016=$D$10,$A$10, IF($J$16:$J$1016=#REF!,#REF!))))))))) -> 0 | O34: =(IF(G34>0,C34,0)+IF(H34>0,C34,0)+IF(I34>0,D34,0)+IF(J34>0,D34,0))*B34/1000 -> 0
K35: =IF($G$16:$G$1016=$D$3,$A$3,IF($G$16:$G$1016=$D$4,$A$4,IF($G$16:$G$1016=$D$5,$A$5,IF($G$16:$G$1016=$D$6,$A$6,IF($G$16:$G$1016=$D$7,$A$7, IF($G$16:$G$1016=$D$8,$A$8,IF($G$16:$G$1016=$D$9,$A$9,IF($G$16:$G$1016=$D$10,$A$10, IF($G$16:$G$1016=#REF!,#REF!))))))))) -> 0 | L35: =IF($H$16:$H$1016=$D$3,$A$3,IF($H$16:$H$1016=$D$4,$A$4,IF($H$16:$H$1016=$D$5,$A$5,IF($H$16:$H$1016=$D$6,$A$6,IF($H$16:$H$1016=$D$7,$A$7, IF($H$16:$H$1016=$D$8,$A$8,IF($H$16:$H$1016=$D$9,$A$9,IF($H$16:$H$1016=$D$10,$A$10, IF($H$16:$H$1016=#REF!,#REF!))))))))) -> 0 | M35: =IF($I$16:$I$1016=$D$3,$A$3,IF($I$16:$I$1016=$D$4,$A$4,IF($I$16:$I$1016=$D$5,$A$5,IF($I$16:$I$1016=$D$6,$A$6,IF($I$16:$I$1016=$D$7,$A$7, IF($I$16:$I$1016=$D$8,$A$8,IF($I$16:$I$1016=$D$9,$A$9,IF($I$16:$I$1016=$D$10,$A$10, IF($I$16:$I$1016=#REF!,#REF!))))))))) -> 0 | N35: =IF($J$16:$J$1016=$D$3,$A$3,IF($J$16:$J$1016=$D$4,$A$4,IF($J$16:$J$1016=$D$5,$A$5,IF($J$16:$J$1016=$D$6,$A$6,IF($J$16:$J$1016=$D$7,$A$7, IF($J$16:$J$1016=$D$8,$A$8,IF($J$16:$J$1016=$D$9,$A$9,IF($J$16:$J$1016=$D$10,$A$10, IF($J$16:$J$1016=#REF!,#REF!))))))))) -> 0 | O35: =(IF(G35>0,C35,0)+IF(H35>0,C35,0)+IF(I35>0,D35,0)+IF(J35>0,D35,0))*B35/1000 -> 0
K36: =IF($G$16:$G$1016=$D$3,$A$3,IF($G$16:$G$1016=$D$4,$A$4,IF($G$16:$G$1016=$D$5,$A$5,IF($G$16:$G$1016=$D$6,$A$6,IF($G$16:$G$1016=$D$7,$A$7, IF($G$16:$G$1016=$D$8,$A$8,IF($G$16:$G$1016=$D$9,$A$9,IF($G$16:$G$1016=$D$10,$A$10, IF($G$16:$G$1016=#REF!,#REF!))))))))) -> 0 | L36: =IF($H$16:$H$1016=$D$3,$A$3,IF($H$16:$H$1016=$D$4,$A$4,IF($H$16:$H$1016=$D$5,$A$5,IF($H$16:$H$1016=$D$6,$A$6,IF($H$16:$H$1016=$D$7,$A$7, IF($H$16:$H$1016=$D$8,$A$8,IF($H$16:$H$1016=$D$9,$A$9,IF($H$16:$H$1016=$D$10,$A$10, IF($H$16:$H$1016=#REF!,#REF!))))))))) -> 0 | M36: =IF($I$16:$I$1016=$D$3,$A$3,IF($I$16:$I$1016=$D$4,$A$4,IF($I$16:$I$1016=$D$5,$A$5,IF($I$16:$I$1016=$D$6,$A$6,IF($I$16:$I$1016=$D$7,$A$7, IF($I$16:$I$1016=$D$8,$A$8,IF($I$16:$I$1016=$D$9,$A$9,IF($I$16:$I$1016=$D$10,$A$10, IF($I$16:$I$1016=#REF!,#REF!))))))))) -> 0 | N36: =IF($J$16:$J$1016=$D$3,$A$3,IF($J$16:$J$1016=$D$4,$A$4,IF($J$16:$J$1016=$D$5,$A$5,IF($J$16:$J$1016=$D$6,$A$6,IF($J$16:$J$1016=$D$7,$A$7, IF($J$16:$J$1016=$D$8,$A$8,IF($J$16:$J$1016=$D$9,$A$9,IF($J$16:$J$1016=$D$10,$A$10, IF($J$16:$J$1016=#REF!,#REF!))))))))) -> 0 | O36: =(IF(G36>0,C36,0)+IF(H36>0,C36,0)+IF(I36>0,D36,0)+IF(J36>0,D36,0))*B36/1000 -> 0
... K1016: =IF($G$16:$G$1016=$D$3,$A$3,IF($G$16:$G$1016=$D$4,$A$4,IF($G$16:$G$1016=$D$5,$A$5,IF($G$16:$G$1016=$D$6,$A$6,IF($G$16:$G$1016=$D$7,$A$7, IF($G$16:$G$1016=$D$8,$A$8,IF($G$16:$G$1016=$D$9,$A$9,IF($G$16:$G$1016=$D$10,$A$10, IF($G$16:$G$1016=#REF!,#REF!))))))))) -> 0 | L1016: =IF($H$16:$H$1016=$D$3,$A$3,IF($H$16:$H$1016=$D$4,$A$4,IF($H$16:$H$1016=$D$5,$A$5,IF($H$16:$H$1016=$D$6,$A$6,IF($H$16:$H$1016=$D$7,$A$7, IF($H$16:$H$1016=$D$8,$A$8,IF($H$16:$H$1016=$D$9,$A$9,IF($H$16:$H$1016=$D$10,$A$10, IF($H$16:$H$1016=#REF!,#REF!))))))))) -> 0 | M1016: =IF($I$16:$I$1016=$D$3,$A$3,IF($I$16:$I$1016=$D$4,$A$4,IF($I$16:$I$1016=$D$5,$A$5,IF($I$16:$I$1016=$D$6,$A$6,IF($I$16:$I$1016=$D$7,$A$7, IF($I$16:$I$1016=$D$8,$A$8,IF($I$16:$I$1016=$D$9,$A$9,IF($I$16:$I$1016=$D$10,$A$10, IF($I$16:$I$1016=#REF!,#REF!))))))))) -> 0 | N1016: =IF($J$16:$J$1016=$D$3,$A$3,IF($J$16:$J$1016=$D$4,$A$4,IF($J$16:$J$1016=$D$5,$A$5,IF($J$16:$J$1016=$D$6,$A$6,IF($J$16:$J$1016=$D$7,$A$7, IF($J$16:$J$1016=$D$8,$A$8,IF($J$16:$J$1016=$D$9,$A$9,IF($J$16:$J$1016=$D$10,$A$10, IF($J$16:$J$1016=#REF!,#REF!))))))))) -> 0 | O1016: =(IF(G1016>0,C1016,0)+IF(H1016>0,C1016,0)+IF(I1016>0,D1016,0)+IF(J1016>0,D1016,0))*B1016/1000 -> 0

Sheet Hoja3
A1: =Hoja1!B16*Hoja1!C16 -> 2320 | B1: =Hoja1!B16*Hoja1!C16 -> 2320 | C1: =Hoja1!B16*Hoja1!D16 -> 600 | D1: =Hoja1!B16*Hoja1!D16 -> 600
A2: =Hoja1!B17*Hoja1!C17 -> 640 | B2: =Hoja1!B17*Hoja1!C17 -> 640 | C2: =Hoja1!B17*Hoja1!D17 -> 600 | D2: =Hoja1!B17*Hoja1!D17 -> 600
A3: =Hoja1!B18*Hoja1!C18 -> 720 | B3: =Hoja1!B18*Hoja1!C18 -> 720 | C3: =Hoja1!B18*Hoja1!D18 -> 600 | D3: =Hoja1!B18*Hoja1!D18 -> 600
A4: =Hoja1!B19*Hoja1!C19 -> 536 | B4: =Hoja1!B19*Hoja1!C19 -> 536 | C4: =Hoja1!B19*Hoja1!D19 -> 300 | D4: =Hoja1!B19*Hoja1!D19 -> 300
A5: =Hoja1!B20*Hoja1!C20 -> 536 | B5: =Hoja1!B20*Hoja1!C20 -> 536 | C5: =Hoja1!B20*Hoja1!D20 -> 370 | D5: =Hoja1!B20*Hoja1!D20 -> 370
A6: =Hoja1!B21*Hoja1!C21 -> 0 | B6: =Hoja1!B21*Hoja1!C21 -> 0 | C6: =Hoja1!B21*Hoja1!D21 -> 0 | D6: =Hoja1!B21*Hoja1!D21 -> 0
A7: =Hoja1!B22*Hoja1!C22 -> 0 | B7: =Hoja1!B22*Hoja1!C22 -> 0 | C7: =Hoja1!B22*Hoja1!D22 -> 0 | D7: =Hoja1!B22*Hoja1!D22 -> 0
A8: =Hoja1!B23*Hoja1!C23 -> 0 | B8: =Hoja1!B23*Hoja1!C23 -> 0 | C8: =Hoja1!B23*Hoja1!D23 -> 0 | D8: =Hoja1!B23*Hoja1!D23 -> 0
A9: =Hoja1!B24*Hoja1!C24 -> 0 | B9: =Hoja1!B24*Hoja1!C24 -> 0 | C9: =Hoja1!B24*Hoja1!D24 -> 0 | D9: =Hoja1!B24*Hoja1!D24 -> 0
A10: =Hoja1!B25*Hoja1!C25 -> 0 | B10: =Hoja1!B25*Hoja1!C25 -> 0 | C10: =Hoja1!B25*Hoja1!D25 -> 0 | D10: =Hoja1!B25*Hoja1!D25 -> 0
A11: =Hoja1!B26*Hoja1!C26 -> 0 | B11: =Hoja1!B26*Hoja1!C26 -> 0 | C11: =Hoja1!B26*Hoja1!D26 -> 0 | D11: =Hoja1!B26*Hoja1!D26 -> 0
A12: =Hoja1!B27*Hoja1!C27 -> 0 | B12: =Hoja1!B27*Hoja1!C27 -> 0 | C12: =Hoja1!B27*Hoja1!D27 -> 0 | D12: =Hoja1!B27*Hoja1!D27 -> 0
... A1001: =Hoja1!B1016*Hoja1!C1016 -> 0 | B1001: =Hoja1!B1016*Hoja1!C1016 -> 0 | C1001: =Hoja1!B1016*Hoja1!D1016 -> 0 | D1001: =Hoja1!B1016*Hoja1!D1016 -> 0
